id,form_code,sequence,display_type,code,edi_code,edi_type,nref_code,active,meaning_id,manual,push_sequence,push_box_id/id,push_rate,due_vat_rate,due_vat_base_box_id/id,accounting_method,account_code,negative,name,full_label,print_page,print_x,print_y
ca3_ls,3310CA3,5,,,LS,CCI_TBX,912158,True,,False,,,,,,,,,Mention de qualité de représentant d’un assujetti unique,"Mention de qualité de représentant d’un assujetti unique, article 256 C du CGI",1,560,473
ca3_kf,3310CA3,10,,,KF,CCI_TBX,100117,True,,False,,,,,,,,,Mention déclaration néante,Mention déclaration néante,1,560,411
ca3_hj,3310CA3,20,,,HJ,CCI_TBX,902353,True,,False,,,,,,,,,Mention membre d'un groupe,Mention membre d'un groupe,1,560,436
ca3_bb,3310CA3,30,,,BB,CCI_TBX,100123,True,,True,,,,,,,,,Paiement par imputation,Paiement par imputation (joindre l'imprimé 3516),1,200,309
ca3_bc,3310CA3,40,,,BC,CCI_TBX,,True,,True,,,,,,,,,Mention expresse,Mention expresse,,,
ca3_aa,3310CA3,50,,,AA,CCI_TBX,,True,,True,,,,,,,,,Acompte congés payés,Acompte congés payés,,,
ca3_ac,3310CA3,60,,,AC,CCI_TBX,,True,,True,,,,,,,,,Autres,Autres,,,
ca3_section_operations_realisees,3310CA3,95,section,A,,,,True,,False,,,,,,,,,MONTANT DES OPÉRATIONS RÉALISÉES,MONTANT DES OPÉRATIONS RÉALISÉES,,,
ca3_sub_section_operations_imposables,3310CA3,100,sub_section,,,,,True,,False,,,,,,,,,OPÉRATIONS TAXÉES (H.T.),OPÉRATIONS TAXÉES (H.T.),,,
ca3_ca,3310CA3,110,,A1,CA,MOA,100071,True,taxed_op_regular_france,False,,,,,,,,,"Ventes, prestations de services","Opérations taxées - Ventes, prestations de services",2,292,776
ca3_cb,3310CA3,120,,A2,CB,MOA,100072,True,taxed_op_regular_other,False,,,,,,,,,Autres opérations imposables,Opérations taxées - Autres opérations imposables,2,292,759
ca3_kh,3310CA3,130,,A3,KH,MOA,900774,True,taxed_op_regular_intracom_service_autoliq,False,,,,,,,,,Achats de prestations de services réalisés auprès d’un assujetti non établi en France (art 283-2 du CGI),Opérations taxées - Achats de prestations de services réalisés auprès d’un assujetti non établi en France (art 283-2 du code général des impôts),2,292,736
ca3_dk,3310CA3,140,,A4,DK,MOA,911589,True,taxed_op_extracom_product_autoliq,False,,,,,,,,,Importations (autres que produits pétroliers),Opérations taxées - Importations (autres que produits pétroliers),2,292,714
ca3_kv,3310CA3,150,,A5,KV,MOA,911590,True,taxed_op_extracom_product_end_suspensive,False,,,,,,,,,Sorties de régime fiscal suspensif (autres que les produits pétroliers) et sorties de régime particulier douanier uniquement lorsque des livraisons ont eu lieu en cours de régime,Opérations taxées - Sorties de régime fiscal suspensif (autres que les produits pétroliers) et sorties de régime particulier douanier uniquement lorsque des livraisons ont eu lieu en cours de régime,2,292,696
ca3_ch,3310CA3,160,,B1,CH,MOA,910758,True,taxed_op_oil,False,,,,,,,,,Mises à la consommation de produits pétroliers,Opérations taxées - Mises à la consommation de produits pétroliers,2,292,675
ca3_cc,3310CA3,170,,B2,CC,MOA,100073,True,taxed_op_regular_intracom_product_autoliq,False,,,,,,,,,Acquisitions intra-communautaires,Opérations taxées - Acquisitions intra-communautaires,2,292,657
ca3_cf,3310CA3,180,,B3,CF,MOA,100121,True,taxed_op_regular_electricity,False,,,,,,,,,"Achats d'électricité, de gaz naturel, de chaleur ou de froid imposables en France","Opérations taxées - Achats d'électricité, de gaz naturel, de chaleur ou de froid imposables en France, base hors taxe",2,292,639
ca3_cg,3310CA3,190,,B4,CG,MOA,100505,True,taxed_op_regular_extracom_service_autoliq,False,,,,,,,,,Achats de biens ou de prestations de services réalisés auprès d'un assujetti non établi en France (art 283-1 du CGI),"Opérations taxées - Achats de biens ou de prestations de services réalisés auprès d'un assujetti non établi en France, art 283-1 du CGI",2,292,613
ca3_ce,3310CA3,195,,B5,CE,MOA,100118,True,negative_taxed_op,False,,,,,,,,True,Régularisations,Opérations taxées - Régularisation,2,292,590
ca3_sub_section_operations_non_imposables,3310CA3,200,sub_section,,,,,True,,False,,,,,,,,,OPÉRATIONS NON TAXÉES,OPÉRATIONS NON TAXÉES,,,
ca3_da,3310CA3,210,,E1,DA,MOA,100075,True,untaxed_op_extracom,False,,,,,,,,,Exportations hors UE,Opérations non taxées - Exportations hors UE,2,572,776
ca3_db,3310CA3,220,,E2,DB,MOA,100076,True,untaxed_op_france_exo,False,,,,,,,,,Autres opérations non imposables,Opérations non taxées - Autres opérations non imposables,2,572,759
ca3_dh,3310CA3,230,,E3,DH,MOA,908462,True,untaxed_op_intracom_b2c,False,,,,,,,,,Ventes à distance taxables dans un autre État membre au profit de personnes non assujetties - Ventes B to C,Opérations non taxées - Ventes à distance taxables dans un autre État membre au profit de personnes non assujetties - Ventes B to C,2,572,736
ca3_kw,3310CA3,240,,E4,KW,MOA,911591,True,,False,,,,,,,,,Importations (autres que les produits pétroliers),Opérations non taxées - Importations (autres que les produits pétroliers),2,572,714
ca3_kx,3310CA3,245,,E5,KX,MOA,911592,True,,False,,,,,,,,,Sorties de régime fiscal suspensif (autres que les produits pétroliers),Opérations non taxées - Sorties de régime fiscal suspensif (autres que les produits pétroliers),2,572,696
ca3_ky,3310CA3,250,,E6,KY,MOA,911593,True,,False,,,,,,,,,Importations placées sous régime fiscal suspensif (autres que les produits pétroliers),Opérations non taxées - Importations placées sous régime fiscal suspensif (autres que les produits pétroliers),2,572,675
ca3_kz,3310CA3,255,,F1,KZ,MOA,911594,True,,False,,,,,,,,,Acquisitions intra-communautaires,Opérations non taxées - Acquisitions intra-communautaires,2,572,657
ca3_dc,3310CA3,260,,F2,DC,MOA,100077,True,untaxed_op_intracom_b2b,False,,,,,,,,,Livraisons intra-communautaires à destination d'une personne assujettie - Ventes B to B,Opérations non taxées - Livraisons intra-communautaires à destination d'une personne assujettie - Ventes B to B,2,572,639
ca3_df,3310CA3,265,,F3,DF,MOA,100122,True,,False,,,,,,,,,"Livraisons d'electricité, de gaz naturel, de chaleur ou de froid non imposables en France","Opérations non taxées - Livraisons d'electricité, de gaz naturel, de chaleur ou de froid non imposables en France",2,572,613
ca3_dj,3310CA3,270,,F4,DJ,MOA,910759,True,,False,,,,,,,,,Mises à la consommation de produits pétroliers,Opérations non taxées - Mises à la consommation de produits pétroliers,2,572,590
ca3_la,3310CA3,275,,F5,LA,MOA,911595,True,,False,,,,,,,,,Importations de produits pétroliers placées sous régime fiscal suspensif,Opérations non taxées - Importations de produits pétroliers placées sous régime fiscal suspensif,2,572,569
ca3_dd,3310CA3,280,,F6,DD,MOA,100104,True,,False,,,,,,,,,Achats en franchise,Opérations non taxées - Achats en franchise,2,572,553
ca3_dg,3310CA3,285,,F7,DG,MOA,100506,True,,False,,,,,,,,,Vente de biens ou de prestations de services réalisées par un assujetti non établi en France (art 283-1 du CGI),"Opérations non taxées - Vente de biens ou de prestations de services réalisées par un assujetti non établi en France, art 283-1 du CGI",2,572,530
ca3_de,3310CA3,290,,F8,DE,MOA,100119,True,negative_untaxed_op,False,,,,,,,,True,Régularisations,Opérations non taxées - Régularisations,2,572,509
ca3_lr,3310CA3,295,,F9,LR,MOA,912152,True,,False,,,,,,,,,Opérations internes réalisées entre membres d’un assujetti unique,Opérations internes réalisées entre membres d’un assujetti unique,2,572,491
ca3_section_tva_a_payer,3310CA3,300,section,B,,,,True,,False,,,,,,,,,DÉCOMPTE DE LA TVA À PAYER,DÉCOMPTE DE LA TVA À PAYER,,,
ca3_sub_section_tva_brute,3310CA3,310,sub_section,,,,,True,,False,,,,,,,,,TVA BRUTE,TVA BRUTE,,,
ca3_gh,3310CA3,530,,16,GH,MOA,,True,due_vat_total,False,,,,,,,,,Total de la TVA brute due (lignes 08 à 5B),Total général de la TVA brute due,3,572,817
ca3_fp,3310CA3,320,,08-base,FP,MOA,904065,True,,False,,,,,,,,,France métropolitaine - Taux normal 20 % : base HT,Opérations imposables au taux normal de 20% en France métropolitaine : base HT,2,498,414
ca3_gp,3310CA3,325,,08-taxe,GP,MOA,,True,due_vat_regular_2000,False,40,l10n_fr_account_vat_return.ca3_gh,,2000,l10n_fr_account_vat_return.ca3_fp,debit,,,France métropolitaine - Taux normal 20 % : taxe due,Opérations imposables au taux normal de 20% en France métropolitaine : taxe due,2,572,414
ca3_fb,3310CA3,330,,09-base,FB,MOA,100078,True,,False,,,,,,,,,"France métropolitaine - Taux réduit 5,5 % : base HT","Opérations imposables au taux réduit de 5,5 % en France métropolitaine : base HT",2,498,400
ca3_gb,3310CA3,335,,09-taxe,GB,MOA,,True,due_vat_regular_550,False,40,l10n_fr_account_vat_return.ca3_gh,,550,l10n_fr_account_vat_return.ca3_fb,debit,,,"France métropolitaine - Taux réduit 5,5 % : taxe due","Opérations imposables au taux réduit de 5,5 % en France métropolitaine : taxe due",2,572,400
ca3_fr,3310CA3,340,,9B-base,FR,MOA,904069,True,,False,,,,,,,,,France métropolitaine - Taux réduit 10 % : base HT,Opérations imposables au taux réduit de 10% en France métropolitaine : base HT,2,498,386
ca3_gr,3310CA3,345,,9B-taxe,GR,MOA,,True,due_vat_regular_1000,False,40,l10n_fr_account_vat_return.ca3_gh,,1000,l10n_fr_account_vat_return.ca3_fr,debit,,,France métropolitaine - Taux réduit 10 % : taxe due,Opérations imposables au taux réduit de 10% en France métropolitaine : taxe due,2,572,386
ca3_fm,3310CA3,350,,10-base,FM,MOA,100113,True,,False,,,,,,,,,"DOM - Taux normal 8,5 % : base HT",Opérations réalisées dans les DOM imposables au taux normal : base HT,2,498,354
ca3_gm,3310CA3,355,,10-taxe,GM,MOA,,True,due_vat_regular_dom_850,False,40,l10n_fr_account_vat_return.ca3_gh,,850,l10n_fr_account_vat_return.ca3_fm,debit,,,"DOM - Taux normal 8,5 % : taxe due",Opérations réalisées dans les DOM imposables au taux normal : taxe due,2,572,354
ca3_fn,3310CA3,360,,11-base,FN,MOA,100115,True,,False,,,,,,,,,"DOM - Taux réduit 2,1 % : base HT",Opérations réalisées dans les DOM au taux réduit : base HT,2,498,340
ca3_gn,3310CA3,361,,11-taxe,GN,MOA,,True,due_vat_regular_dom_210,False,40,l10n_fr_account_vat_return.ca3_gh,,,l10n_fr_account_vat_return.ca3_fn,debit,,,"DOM - Taux réduit 2,1 % : taxe due",Opérations réalisées dans les DOM imposables au taux réduit : taxe due,2,572,340
ca3_bq,3310CA3,362,,T1-base,BQ,MOA,100042,True,,False,,,,,,,,,"DOM - Taux 1,75 % : base HT","Opérations réalisées dans les DOM et imposables au taux de 1,75 % : base HT",2,498,309
ca3_cq,3310CA3,363,,T1-taxe,CQ,MOA,,True,due_vat_regular_dom_175,False,40,l10n_fr_account_vat_return.ca3_gh,,,l10n_fr_account_vat_return.ca3_bq,debit,,,"DOM - Taux 1,75 % : taxe due","Opérations réalisées dans les DOM et imposables au taux de 1,75 % : taxe due",2,572,309
ca3_bp,3310CA3,364,,T2-base,BP,MOA,100040,True,,False,,,,,,,,,"DOM - Taux 1,05 % : base HT","Opérations réalisées dans les DOM et imposables au taux de 1,05 % : base HT",2,498,295
ca3_cp,3310CA3,365,,T2-taxe,CP,MOA,,True,due_vat_regular_dom_105,False,40,l10n_fr_account_vat_return.ca3_gh,,,l10n_fr_account_vat_return.ca3_bp,debit,,,"DOM - Taux 1,05 % : taxe due","Opérations réalisées dans les DOM et imposables au taux de 1,05 % : taxe due",2,572,295
ca3_nn,3310CA3,366,,TC-base,NN,MOA,100015,True,,False,,,,,,,,,Corse - Taux 13 % : base HT,Opérations réalisées en Corse et imposables au taux de 13 % : base HT,3,8888,8888
ca3_np,3310CA3,367,,TC-taxe,NP,MOA,,True,due_vat_regular_corsica_1300,False,40,l10n_fr_account_vat_return.ca3_gh,,,l10n_fr_account_vat_return.ca3_nn,debit,,,Corse - Taux 13 % : taxe due,Opérations réalisées en Corse et imposables au taux de 13 % : taxe due,3,9999,8888
ca3_bs,3310CA3,368,,T3-base,BS,MOA,904063,True,,False,,,,,,,,,Corse - Taux 10 % : base HT,Opérations réalisées en Corse et imposables au taux de 10 % : base HT,2,498,281
ca3_cs,3310CA3,369,,T3-taxe,CS,MOA,,True,due_vat_regular_corsica_1000,False,40,l10n_fr_account_vat_return.ca3_gh,,,l10n_fr_account_vat_return.ca3_bs,debit,,,Corse - Taux 10 % : taxe due,Opérations réalisées en Corse et imposables au taux de 10 % : taxe due,2,572,281
ca3_bf,3310CA3,370,,T4-base,BF,MOA,100011,True,,False,,,,,,,,,"Corse - Taux 2,1 % : base HT","Opérations réalisées en Corse et imposables au taux de 2,1 % : base HT",2,498,267
ca3_mc,3310CA3,371,,T4-taxe,MC,MOA,,True,due_vat_regular_corsica_210,False,40,l10n_fr_account_vat_return.ca3_gh,,,l10n_fr_account_vat_return.ca3_bf,debit,,,"Corse - Taux 2,1 % : taxe due","Opérations réalisées en Corse et imposables au taux de 2,1 % : taxe due",2,572,267
ca3_be,3310CA3,372,,T5-base,BE,MOA,100009,True,,False,,,,,,,,,"Corse - Taux 0,9 % : base HT","Opérations réalisées en Corse et imposables au taux de 0,9 % : base HT",2,498,252
ca3_ma,3310CA3,373,,T5-taxe,MA,MOA,,True,due_vat_regular_corsica_90,False,40,l10n_fr_account_vat_return.ca3_gh,,,l10n_fr_account_vat_return.ca3_be,debit,,,"Corse - Taux 0,9 % : taxe due","Opérations réalisées en Corse et imposables au taux de 0,9 % : taxe due",2,572,252
ca3_mf,3310CA3,374,,T6-base,MF,MOA,100003,True,,False,,,,,,,,,"France continentale - Taux 2,1 % : base HT","Opérations réalisées en France continentale au taux de 2,1 % : base HT",2,498,238
ca3_me,3310CA3,375,,T6-taxe,ME,MOA,,True,due_vat_regular_210,False,40,l10n_fr_account_vat_return.ca3_gh,,210,l10n_fr_account_vat_return.ca3_mf,debit,,,"France continentale - Taux 2,1 % : taxe due","Opérations réalisées en France continentale au taux de 2,1 % : taxe due",2,572,238
ca3_mg,3310CA3,376,,T7-base,MG,MOA,100001,True,,False,,,,,,,,,Retenue de TVA sur droits d'auteur : base HT,Retenue de TVA sur droits d'auteur : base HT,2,498,224
ca3_md,3310CA3,377,,T7-taxe,MD,MOA,,True,due_vat_royalty,False,40,l10n_fr_account_vat_return.ca3_gh,,,l10n_fr_account_vat_return.ca3_mg,debit,,,Retenue de TVA sur droits d'auteur : taxe due,Retenue de TVA sur droits d'auteur : taxe due,2,572,224
ca3_fc,3310CA3,378,,13-base,FC,MOA,100080,True,,False,,,,,,,,,Anciens taux : base HT,Opérations imposables aux anciens taux : base HT,2,498,210
ca3_gc,3310CA3,379,,13-taxe,GC,MOA,,True,due_vat_old_rates,False,40,l10n_fr_account_vat_return.ca3_gh,,,l10n_fr_account_vat_return.ca3_fc,debit,,,Anciens taux : taxe due,Opérations imposables aux anciens taux : taxe due,2,572,210
ca3_fd,3310CA3,380,,14-base,FD,MOA,100082,False,,False,,,,,,,,,Autres taux  (décompte effectué sur annexe N° 3310-A) : base HT,Opérations imposables à un taux particulier (décompte effectué sur annexe N° 3310-A) : base HT,2,498,283
ca3_gd,3310CA3,385,,14-taxe,GD,MOA,,False,,False,,,,,,,,,Autres taux  (décompte effectué sur annexe N° 3310-A) : taxe due,Opérations imposables à un taux particulier (décompte effectué sur annexe N° 3310-A) : taxe due,2,572,283
ca3_gs,3310CA3,390,,P1-base,GS,MOA,910572,True,,False,,,,,,,,,France métropolitaine - Taux normal 20 % sur les produits pétroliers : base HT,Opérations imposables au taux normal 20 % sur les produits pétroliers : base HT,2,498,179
ca3_gt,3310CA3,395,,P1-taxe,GT,MOA,,True,due_vat_oil_2000,False,40,l10n_fr_account_vat_return.ca3_gh,,,l10n_fr_account_vat_return.ca3_gs,debit,,,France métropolitaine - Taux normal 20 % sur les produits pétroliers : taxe due,Opérations imposables au taux normal 20 % sur les produits pétroliers : taxe due,2,572,179
ca3_gu,3310CA3,400,,P2-base,GU,MOA,910574,True,,False,,,,,,,,,France métropolitaine - Taux réduit 13 % sur les produits pétroliers : base HT,Opérations imposables au taux réduit 13 % sur les produits pétroliers : base HT,2,498,165
ca3_gv,3310CA3,405,,P2-taxe,GV,MOA,,True,due_vat_oil_1300,False,40,l10n_fr_account_vat_return.ca3_gh,,1300,l10n_fr_account_vat_return.ca3_gu,debit,,,France métropolitaine - Taux réduit 13 % sur les produits pétroliers : taxe due,Opérations imposables au taux réduit 13 % sur les produits pétroliers : taxe due,2,572,165
ca3_lb,3310CA3,410,,I1-base,LB,MOA,911596,True,,False,,,,,,,,,Importations - Taux normal 20 % : base HT,Importations - Taux normal 20 % : base HT,2,498,133
ca3_lc,3310CA3,415,,I1-taxe,LC,MOA,,True,due_vat_extracom_product_2000,False,40,l10n_fr_account_vat_return.ca3_gh,,2000,l10n_fr_account_vat_return.ca3_lb,debit,,,Importations - Taux normal 20 % : taxe due,Importations - Taux normal 20 % : taxe due,2,572,133
ca3_ld,3310CA3,420,,I2-base,LD,MOA,911598,True,,False,,,,,,,,,Importations - Taux réduit 10 % : base HT,Importations - Taux réduit 10 % : base HT,2,498,119
ca3_le,3310CA3,425,,I2-taxe,LE,MOA,,True,due_vat_extracom_product_1000,False,40,l10n_fr_account_vat_return.ca3_gh,,1000,l10n_fr_account_vat_return.ca3_ld,debit,,,Importations - Taux réduit 10 % : taxe due,Importations - Taux réduit 10 % : taxe due,2,572,119
ca3_lf,3310CA3,430,,I3-base,LF,MOA,911600,True,,False,,,,,,,,,"Importations - Taux réduit 8,5 % : base HT","Importations - Taux réduit 8,5 % : base HT",2,498,106
ca3_lg,3310CA3,435,,I3-taxe,LG,MOA,,True,due_vat_extracom_product_dom_850,False,40,l10n_fr_account_vat_return.ca3_gh,,850,l10n_fr_account_vat_return.ca3_lf,debit,,,"Importations - Taux réduit 8,5 % : taxe due","Importations - Taux réduit 8,5 % : taxe due",2,572,106
ca3_lh,3310CA3,440,,I4-base,LH,MOA,911602,True,,False,,,,,,,,,"Importations - Taux réduit 5,5 % : base HT","Importations - Taux réduit 5,5 % : base HT",2,498,91
ca3_lj,3310CA3,445,,I4-taxe,LJ,MOA,,True,due_vat_extracom_product_550,False,40,l10n_fr_account_vat_return.ca3_gh,,550,l10n_fr_account_vat_return.ca3_lh,debit,,,"Importations - Taux réduit 5,5 % : taxe due","Importations - Taux réduit 5,5 % : taxe due",2,572,91
ca3_lk,3310CA3,450,,I5-base,LK,MOA,911604,True,,False,,,,,,,,,"Importations - Taux réduit 2,1 % : base HT","Importations - Taux réduit 2,1 % : base HT",2,498,77
ca3_ll,3310CA3,455,,I5-taxe,LL,MOA,,True,due_vat_extracom_product_210,False,40,l10n_fr_account_vat_return.ca3_gh,,210,l10n_fr_account_vat_return.ca3_lk,debit,,,"Importations - Taux réduit 2,1 % : taxe due","Importations - Taux réduit 2,1 % : taxe due",2,572,77
ca3_lm,3310CA3,460,,I6-base,LM,MOA,911606,True,,False,,,,,,,,,"Importations - Taux réduit 1,05 % : base HT","Importations - Taux réduit 1,05 % : base HT",2,498,63
ca3_ln,3310CA3,465,,I6-taxe,LN,MOA,,True,due_vat_extracom_product_dom_105,False,40,l10n_fr_account_vat_return.ca3_gh,,105,l10n_fr_account_vat_return.ca3_lm,debit,,,"Importations - Taux réduit 1,05 % : taxe due","Importations - Taux réduit 1,05 % : taxe due",2,572,63
ca3_gg,3310CA3,500,,15,GG,MOA,100087,True,negative_deductible_vat,False,40,l10n_fr_account_vat_return.ca3_gh,,,,,,True,TVA antérieurement déduite à reverser,"TVA antérieurement déduite à reverser, taxe due",2,572,40
ca3_ga,3310CA3,505,,15-dont-pp,GA,MOA,910761,True,,False,,,,,,,,True,TVA antérieurement déduite à reverser : dont TVA sur les produits pétroliers,"TVA antérieurement déduite à reverser, taxe due : dont TVA sur les produits pétroliers",2,326,50
ca3_lq,3310CA3,510,,15-dont-pi,LQ,MOA,911609,True,,False,,,,,,,,True,TVA antérieurement déduite à reverser : dont TVA sur les produits importés hors produits pétroliers,"TVA antérieurement déduite à reverser, taxe due : dont TVA sur les produits importés hors produits pétroliers",2,387,35
ca3_ks,3310CA3,520,,5B,KS,MOA,905877,True,,True,40,l10n_fr_account_vat_return.ca3_gh,,,,,,,"Sommes à ajouter, y compris acompte congés","Sommes à ajouter, y compris acompte congés",2,572,19
ca3_gj,3310CA3,540,,17,GJ,MOA,100089,True,due_vat_intracom_product,False,,,,,,,,,Dont TVA sur acquisitions intra-communautaires,TVA brute sur acquisitions intra-communautaires,3,572,798
ca3_gk,3310CA3,560,,18,GK,MOA,100105,True,due_vat_monaco,False,,,,,,,,,Dont TVA sur opérations à destination de Monaco,TVA brute due sur opérations à destination de Monaco.,3,572,782
ca3_sub_section_tva_deductible,3310CA3,600,sub_section,,,,,True,,False,,,,,,,,,TVA DÉDUCTIBLE,TVA DÉDUCTIBLE,,,
ca3_hg,3310CA3,700,,23,HG,MOA,,True,deductible_vat_total,False,,,,,,,,,Total de la TVA déductible (lignes 19 à 2C),Total de la TVA déductible,3,569,636
ca3_ha,3310CA3,610,,19,HA,MOA,100090,True,deductible_vat_asset,False,40,l10n_fr_account_vat_return.ca3_hg,,,,credit,,,Biens constituant des immobilisations,TVA déductible sur biens constituant des immobilisations,3,572,745
ca3_hb,3310CA3,620,,20,HB,MOA,100091,True,deductible_vat_other,False,40,l10n_fr_account_vat_return.ca3_hg,,,,credit,,,Autres biens et services,TVA déductible sur autres biens et services (déduction sur facture),3,572,726
ca3_hc,3310CA3,630,,21,HC,MOA,100092,True,negative_due_vat,False,40,l10n_fr_account_vat_return.ca3_hg,,,,credit,,True,Autre TVA à déduire,"Autre TVA à déduire, omissions ou compléments de déductions",3,572,712
ca3_hk,3310CA3,640,,21-dont-pp,HK,MOA,910762,True,negative_due_vat_oil,False,,,,,,,,True,Dont régularisation de TVA sur les produits pétroliers,"Autres TVA à déduire, dont régularisation de TVA sur les produits pétroliers",3,220,702
ca3_lp,3310CA3,650,,21-dont-import,LP,MOA,911608,True,negative_due_vat_extracom_product,False,,,,,,,,True,Dont régularisation de TVA sur les produits importés (hors produits pétroliers),"Autres TVA à déduire, dont régularisation de TVA sur les produits importés (hors produits pétroliers)",3,293,694
ca3_hh,3310CA3,660,,21-dont-col-ded,HH,MOA,100120,True,negative_due_vat_regular,False,,,,,,,,True,Dont régularisations sur de la TVA collectée sur autres produits ou PS ou déductible,"Autre TVA à déduire, dont régularisation sur de la TVA collectée sur autres produits ou PS ou déductible",3,350,685
ca3_hd,3310CA3,680,,22,HD,MOA,100093,True,credit_deferment,False,40,l10n_fr_account_vat_return.ca3_hg,,,,credit,44567,,Report du crédit apparaissant ligne 27 de la précédente déclaration,Report du crédit apparaissant sur la précédente déclaration,3,572,674
ca3_ku,3310CA3,670,,2C,KU,MOA,905882,True,,True,40,l10n_fr_account_vat_return.ca3_hg,,,,,,,"Sommes à imputer, y compris acompte congés","Sommes à imputer, y compris acompte congés",3,572,656
ca3_he,3310CA3,690,,22A,HE,PCD,100094,True,,False,,,,,,,,,Coefficient de taxation unique applicable pour la période s'il est différent de 100 %,Pourcentage de déduction applicable pour la période s'il est différent de 100 %,3,291,622
ca3_hf,3310CA3,710,,24,HF,MOA,909864,True,,False,,,,,,,,,Dont TVA déductible sur importations (hors produits pétroliers),Dont TVA déductible sur importations (hors produits pétroliers),3,572,614
ca3_hl,3310CA3,720,,2E,HL,MOA,910763,True,,False,,,,,,,,,Dont TVA déductible sur les produits pétroliers,Dont TVA déductible sur les produits pétroliers,3,572,596
ca3_section_credit,3310CA3,800,section,,,,,True,,False,,,,,,,,,CRÉDIT,CRÉDIT,,,
ca3_jc,3310CA3,890,,27,JC,MOA,100098,True,end_total_credit,False,,,,,,debit,44567,,Crédit à reporter (lignes 25 - 26),Crédit à reporter sur déclaration suivante,3,288,251
ca3_ja,3310CA3,810,,25,JA,MOA,100096,True,no_push_total_credit,False,100,l10n_fr_account_vat_return.ca3_jc,,,,,,,Crédit de TVA (lignes 23 - 16),Crédit de TVA,3,288,548
ca3_jb,3310CA3,820,,26,JB,MOA,100097,True,vat_reimbursement,False,100,l10n_fr_account_vat_return.ca3_jc,-100,,,debit,44583,,Remboursement de crédit demandé sur formulaire n°3519,Remboursement de crédit demandé sur formulaire n°3519,3,288,300
ca3_kj,3310CA3,830,,AA,KJ,MOA,902351,True,,False,,,,,,,,,Crédit de TVA transféré à la société tête de groupe,Crédit de TVA transféré à la société tête de groupe,3,288,277
ca3_section_taxe_a_payer,3310CA3,900,section,,,,,True,,False,,,,,,,,,TAXE À PAYER,TAXE À PAYER,,,
ca3_ke,3310CA3,990,,32,KE,MOA,100103,True,end_total_debit,False,,,,,,,,,Total à payer (lignes 28 + 29 - AB),Total à payer,3,572,173
ca3_nd,3310CA3,915,,28,ND,MOA,912255,True,,False,110,l10n_fr_account_vat_return.ca3_ke,,,,,,,TVA nette due (ligne TD - ligne X5),TVA nette due (ligne TD - ligne X5),3,572,277
ca3_ka,3310CA3,910,,TD,KA,MOA,100099,True,no_push_total_debit,False,100,l10n_fr_account_vat_return.ca3_nd,,,,credit,44551,,TVA nette due (lignes 16 - 23),TVA nette due,3,572,548
ca3_kb,3310CA3,920,,29,KB,MOA,100100,True,,False,110,l10n_fr_account_vat_return.ca3_ke,,,,credit,4470,,Report du montant de taxes assimilées calculées sur annexe 3310A,Report du montant de taxes assimilées calculées sur annexe 3310A,3,572,251
ca3_kl,3310CA3,930,,AB,KL,MOA,902352,True,,False,110,l10n_fr_account_vat_return.ca3_ke,-100,,,,,,Total à payer acquitté par la société tête de groupe (lignes 28 + 29),Total à payer acquitté par la société tête de groupe,3,572,199
a_section_tva,3310A,2000,section,,,,,False,,False,,,,,,,,,RETENUE DE TVA SUR DROITS D’AUTEUR ET TVA DUE À UN TAUX PARTICULIER,,,,
a_bn,3310A,2280,,,BN,MOA,,False,,False,,,,,,,,,Total lignes 35 à 46 : base HT (à reporter ligne 14 de la CA3),Total TVA sur droits d'auteurs et TVA due à taux particuliers : base HT (à reporter ligne 14 de la CA3),,,
a_cn,3310A,2290,,,CN,MOA,,False,,False,,,,,,,,,Total lignes 35 à 46 : taxe due (à reporter ligne 14 de la CA3),Total TVA sur droits d'auteurs et TVA due à taux particuliers : taxe due (à reporter ligne 14 de la CA3),,,
a_ba,3310A,2010,,35-base,BA,MOA,,False,,False,,,,,,,,,Retenue de TVA sur droits d'auteur : base HT,Retenue de TVA sur droits d'auteur : base HT,,,
a_ca,3310A,2020,,35-taxe,CA,MOA,,False,,False,,,,,l10n_fr_account_vat_return.a_ba,debit,,,Retenue de TVA sur droits d'auteur : taxe due,Retenue de TVA sur droits d'auteur : taxe due,,,
a_sub_section_tva_metropole,3310A,2030,sub_section,,,,,False,,False,,,,,,,,,OPÉRATIONS IMPOSABLES en France continentale à un taux particulier,OPÉRATIONS IMPOSABLES en France continentale à un taux particulier,,,
a_bb,3310A,2040,,36-base,BB,MOA,,False,,False,,,,,,,,,"France continentale, taux 2,10% : base HT","Opérations imposables en France continentale à un taux particulier taux 2,10% : base HT",,,
a_cb,3310A,2050,,36-taxe,CB,MOA,,False,,False,,,,,l10n_fr_account_vat_return.a_bb,debit,,,"France continentale, taux 2,10% : taxe due","Opérations imposables en France continentale à un taux particulier taux 2,10% : taxe due",,,
a_bc,3310A,2060,,37-base,BC,MOA,,False,,False,,,,,,,,,"France continentale, ancien taux : base HT","Opérations imposables en France continentale à un taux particulier, ancien taux : base HT",,,
a_cc,3310A,2070,,37-taxe,CC,MOA,,False,,False,,,,,l10n_fr_account_vat_return.a_bc,debit,,,"France continentale, anciens taux : taxe due",Opérations imposables en France continentale à un taux particulier anciens taux : taxe due,,,
a_ae,3310A,2080,,38-base,AE,MOA,,False,,False,,,,,,,,,"France continentale, nouveau taux : base HT",Ligne utilisable pour un nouveau taux en métropole (base hors taxe)   (ligne à blanc),,,
a_af,3310A,2090,,38-taxe,AF,MOA,,False,,False,,,,,l10n_fr_account_vat_return.a_ae,debit,,,"France continentale, nouveau taux : taxe due",Ligne utilisable pour un nouveau taux en métropole (taxe due)   (ligne à blanc),,,
a_sub_section_tva_corse,3310A,2100,sub_section,,,,,False,,False,,,,,,,,,OPÉRATIONS IMPOSABLES en Corse à un taux particulier,OPÉRATIONS IMPOSABLES en Corse à un taux particulier,,,
a_be,3310A,2110,,39-base,BE,MOA,,False,,False,,,,,,,,,"Corse, taux 0,90% : base HT","Opérations imposables en Corse à un taux particulier taux 0,90% : base HT",,,
a_ce,3310A,2120,,39-taxe,CE,MOA,,False,,False,,,,,l10n_fr_account_vat_return.a_be,debit,,,"Corse, taux 0,90% : taxe due","Opérations imposables en Corse à un taux particulier taux 0,90% : taxe due",,,
a_bf,3310A,2130,,40-base,BF,MOA,,False,,False,,,,,,,,,"Corse, taux 2,10% : base HT","Opérations imposables en Corse à un taux particulier taux 2,10% : base HT",,,
a_cf,3310A,2140,,40-taxe,CF,MOA,,False,,False,,,,,l10n_fr_account_vat_return.a_bf,debit,,,"Corse, taux 2,10 % : taxe due","Opérations imposables en Corse à un taux particulier taux 2,10 % : taxe due",,,
a_bs,3310A,2150,,41-base,BS,MOA,,False,,False,,,,,,,,,"Corse, taux 10% : base HT",Opérations imposables en Corse à un taux particulier taux 10% : base HT,,,
a_cs,3310A,2160,,41-taxe,CS,MOA,,False,,False,,,,,l10n_fr_account_vat_return.a_bs,debit,,,"Corse, taux 10% : taxe due",Opérations imposables en Corse à un taux particulier taux 10% : taxe due,,,
a_bm,3310A,2190,,43-base,BM,MOA,,False,,False,,,,,,,,,"Corse, anciens taux : base HT","Opérations imposables en Corse à un taux particulier, anciens taux : base HT",,,
a_cm,3310A,2200,,43-taxe,CM,MOA,,False,,False,,,,,l10n_fr_account_vat_return.a_bm,debit,,,"Corse, anciens taux : taxe due",Opérations imposables en Corse à un taux particulier anciens taux : taxe due,,,
a_sub_section_tva_dom,3310A,2210,sub_section,,,,,False,,False,,,,,,,,,OPÉRATIONS IMPOSABLES dans les DOM à un taux particulier,OPÉRATIONS IMPOSABLES dans les DOM à un taux particulier,,,
a_bp,3310A,2220,,44-base,BP,MOA,,False,,False,,,,,,,,,"DOM, taux 1,05% : base HT","Opérations imposables dans les DOM à un taux particulier, taux 1,05% : base HT",,,
a_cp,3310A,2230,,44-taxe,CP,MOA,,False,,False,,,,,l10n_fr_account_vat_return.a_bp,debit,,,"DOM, taux 1,05% : taxe due","Opérations imposables dans les DOM à un taux particulier, taux 1,05% : taxe due",,,
a_bq,3310A,2240,,45-base,BQ,MOA,,False,,False,,,,,,,,,"DOM, taux 1,75% : base HT","Opérations imposables dans les DOM à un taux particulier, taux 1,75% : base HT",,,
a_cq,3310A,2250,,45-taxe,CQ,MOA,,False,,False,,,,,l10n_fr_account_vat_return.a_bq,debit,,,"DOM, taux 1,75% : taxe due","Opérations imposables dans les DOM à un taux particulier, taux 1,75% : taxe due",,,
a_br,3310A,2260,,46-base,BR,MOA,,False,,False,,,,,,,,,"DOM, ancien taux : base HT",Opérations imposables dans les DOM à un ancien taux : base HT,,,
a_cr,3310A,2270,,46-taxe,CR,MOA,,False,,False,,,,,l10n_fr_account_vat_return.a_br,debit,,,"DOM, ancien taux : taxe due",Opérations imposables dans les DOM à un ancien taux : taxe due,,,
a_section_other_taxes,3310A,2300,section,,,,,True,,False,,,,,,,,,DÉCOMPTE DES TAXES ASSIMILÉES,DÉCOMPTE DES TAXES ASSIMILÉES,,,
a_hb,3310A,4000,,,HB,MOA,,True,,False,30,l10n_fr_account_vat_return.ca3_kb,,,,,,,Total lignes 47 à 133 (à reporter ligne 29 de la CA3),Total lignes 47 à 133 (à reporter ligne 29 de la CA3),,,
a_fa,3310A,2310,,47-taxe,FA,MOA,,True,,False,20,l10n_fr_account_vat_return.a_hb,,,,debit,,,Taxe sur certaines dépenses de publicité : taxe due,"Taxe sur certaines dépenses de publicité (CGI, art. 302 bis MA) au taux de 1%",,,
a_nd,3310A,2320,,47-base,ND,MOA,,True,,True,10,l10n_fr_account_vat_return.a_fa,1,,,,,,Taxe sur certaines dépenses de publicité : base,"Base imposable sur la taxe sur certaines dépenses de publicité (CGI, art. 302 bis MA) au taux de 1%",,,
a_fb,3310A,2330,,48-taxe,FB,MOA,,True,,False,20,l10n_fr_account_vat_return.a_hb,,,,debit,,,Taxe sur la cession de droits d’exploitation audiovisuels des manifestations sportives : taxe due,"Taxe sur la cession de droits d’exploitation audiovisuels des manifestations sportives (CIBS, art. à préciser) (ex- CGI, art. 302 bis ZE), au taux de 5 %",,,
a_ne,3310A,2340,,48-base,NE,MOA,,True,,True,10,l10n_fr_account_vat_return.a_fb,5,,,,,,Taxe sur la cession de droits d’exploitation audiovisuels des manifestations sportives : base,"Base imposable sur la taxe sur la cession de droits d’exploitation audiovisuels des manifestations sportives (CIBS, art. à préciser) (ex- CGI, art. 302 bis ZE), au taux de 5 %",,,
a_jf,3310A,2350,,49,JF,MOA,,True,,True,20,l10n_fr_account_vat_return.a_hb,,,,debit,,,Taxe sur les excédents de provision des entreprises d'assurances de dommages,"Taxe sur les excédents de provision des entreprises d'assurances de dommages (CGI, art. 235 ter X)",,,
a_he,3310A,2360,,50,HE,MOA,,True,,True,20,l10n_fr_account_vat_return.a_hb,,,,debit,,,Taxe sur le chiffre d'affaires des exploitants agricoles,"Taxe sur le chiffre d'affaires des exploitants agricoles (CGI, art. 302 bis MB) (cumul de la partie variable et de la partie forfaitaire)",,,
a_fj,3310A,2370,,55-taxe,FJ,MOA,,True,,True,20,l10n_fr_account_vat_return.a_hb,,,,debit,,,Taxe sur les concessionnaires d'autoroute : taxe due,"Taxe sur la distance parcourue sur le réseau autoroutier concédé (CIBS, art. L421-175)",,,
a_nf,3310A,2380,,55-base,NF,QTY,,True,,True,,,,,,,,,Taxe sur les concessionnaires d'autoroute : base,"Base imposable de la taxe sur la distance parcourue sur le réseau autoroutier concédé (CIBS, art. L421-175)",,,
a_dd,3310A,2382,,58A-taxe,DD,MOA,,True,,False,20,l10n_fr_account_vat_return.a_hb,,,,debit,,,"Taxe sur les vidéogrammes au taux de 3,3475 % : taxe due","Taxe sur les vidéogrammes au taux de 3,3475 %",,,
a_dc,3310A,2384,,58A-base,DC,MOA,,True,,True,10,l10n_fr_account_vat_return.a_dd,3.3475,,,,,,"Taxe sur les vidéogrammes au taux de 3,3475 % : base","Base imposable de la taxe sur les vidéogrammes au taux de 3,3475 %",,,
a_df,3310A,2386,,58B-taxe,DF,MOA,,True,,False,20,l10n_fr_account_vat_return.a_hb,,,,debit,,,Taxe sur les vidéogrammes au taux de 15 % : taxe due,Taxe sur les vidéogrammes au taux de 15 %,,,
a_de,3310A,2388,,58B-base,DE,MOA,,True,,True,10,l10n_fr_account_vat_return.a_df,15,,,,,,Taxe sur les vidéogrammes au taux de 15 % : base,Base imposable sur la taxe sur les vidéogrammes au taux de 15 %,,,
a_dj,3310A,2390,,58C-taxe,DJ,MOA,,True,,True,20,l10n_fr_account_vat_return.a_hb,,,,debit,,,Taxe sur la mise à disposition de phonogrammes et de vidéomusiques à titre onéreux : taxe due,Taxe sur la mise à disposition de phonogrammes et de vidéomusiques à titre onéreux,,,
a_dh,3310A,2392,,58C-base,DH,MOA,,True,,True,,,,,,,,,Taxe sur la mise à disposition de phonogrammes et de vidéomusiques à titre onéreux : base,Base imposable de la taxe sur la mise à disposition de phonogrammes et de vidéomusiques à titre onéreux,,,
a_dl,3310A,2394,,58D-taxe,DL,MOA,,True,,True,20,l10n_fr_account_vat_return.a_hb,,,,debit,,,Taxe sur la mise à disposition de phonogrammes et de vidéomusiques à titre gratuit : taxe due,Taxe sur la mise à disposition de phonogrammes et de vidéomusiques à titre gratuit,,,
a_dk,3310A,2396,,58D-base,DK,MOA,,True,,True,,,,,,,,,Taxe sur la mise à disposition de phonogrammes et de vidéomusiques à titre gratuit : base,Base imposable de la taxe sur la mise à disposition de phonogrammes et de vidéomusiques à titre gratuit,,,
a_jb,3310A,12390,,56,JB,MOA,,False,,True,20,l10n_fr_account_vat_return.a_hb,,,,debit,6358,,"Contribution à l'audiovisuel public (CGI, art 1605 et suiv.)","Contribution à l'audiovisuel public (CGI, art 1605 et suiv.)",,,
a_jc,3310A,12400,,57,JC,MOA,,False,,True,20,l10n_fr_account_vat_return.a_hb,,,,debit,6358,,Contribution à l'audiovisuel public due par les loueurs d'appareils ,"Contribution à l'audiovisuel public due par les loueurs d'appareils (CGI, art 1605 et suiv.)",,,
a_kj,3310A,2410,,59-taxe,KJ,MOA,,True,,False,20,l10n_fr_account_vat_return.a_hb,,,,debit,,,"Taxe sur la diffusion en vidéo physique et en ligne de contenus audiovisuels à titre onéreux, taux 5,15 % : taxe due","Taxe sur la diffusion en vidéo physique et en ligne de contenus audiovisuels à titre onéreux au taux de 5,15 %",,,
a_mk,3310A,2420,,59-base,MK,MOA,,True,,True,10,l10n_fr_account_vat_return.a_kj,5.15,,,,,,"Taxe sur la diffusion en vidéo physique et en ligne de contenus audiovisuels à titre onéreux, taux 5,15 % : base","Base imposable sur la taxe sur la diffusion en vidéo physique et en ligne de contenus audiovisuels à titre onéreux (CGI, art 1609 sexdecies B) au taux de 5,15 %",,,
a_kl,3310A,2430,,60-taxe,KL,MOA,,True,,False,20,l10n_fr_account_vat_return.a_hb,,,,debit,,,"Taxe sur la diffusion en vidéo physique et en ligne de contenus audiovisuels à titre onéreux, taux 15 % : taxe due",Taxe sur la diffusion en vidéo physique et en ligne de contenus audiovisuels à titre onéreux au taux de 15 %,,,
a_ml,3310A,2440,,60-base,ML,MOA,,True,,True,10,l10n_fr_account_vat_return.a_kl,15,,,,,,"Taxe  sur la diffusion en vidéo physique et en ligne de contenus audiovisuels à titre onéreux, taux 15 % : base","Base imposable sur la taxe  sur la diffusion en vidéo physique et en ligne de contenus audiovisuels à titre onéreux (CGI, art 1609 sexdecies B) au taux de 15 %",,,
a_pp,3310A,2450,,60A-taxe,PP,MOA,,True,,False,20,l10n_fr_account_vat_return.a_hb,,,,debit,,,"Taxe sur la diffusion en vidéo physique et en ligne de contenus audiovisuels à titre gratuit, taux 5,15 % : taxe due","Taxe sur la diffusion en vidéo physique et en ligne de contenus audiovisuels à titre gratuit (CGI, art 1609 sexdecies B) au taux de 5,15 %",,,
a_pq,3310A,2460,,60A-base,PQ,MOA,,True,,True,10,l10n_fr_account_vat_return.a_pp,5.15,,,,,,"Taxe sur la diffusion en vidéo physique et en ligne de contenus audiovisuels à titre gratuit, taux 5,15 % : base","Base imposable sur la taxe sur la diffusion en vidéo physique et en ligne de contenus audiovisuels à titre gratuit (CGI, art 1609 sexdecies B) au taux de 5,15 %",,,
a_pr,3310A,2470,,60B-taxe,PR,MOA,,True,,False,20,l10n_fr_account_vat_return.a_hb,,,,debit,,,"Taxe sur la diffusion en vidéo physique et en ligne de contenus audiovisuels à titre gratuit, taux 15 % : taxe due","Taxe sur la diffusion en vidéo physique et en ligne de contenus audiovisuels à titre gratuit (CGI, art 1609 sexdecies B) au taux de 15 %",,,
a_ps,3310A,2480,,60B-base,PS,MOA,,True,,True,10,l10n_fr_account_vat_return.a_pr,15,,,,,,"Taxe sur la diffusion en vidéo physique et en ligne de contenus audiovisuels à titre gratuit, taux 15 % : base","Base imposable sur la taxe sur la diffusion en vidéo physique et en ligne de contenus audiovisuels à titre gratuit (CGI, art 1609 sexdecies B) au taux de 15 %",,,
a_ty,3310A,2482,,61,TY,MOA,,True,,True,20,l10n_fr_account_vat_return.a_hb,,,,debit,,,Taxe due par les employeurs de main-d’œuvre étrangère,Taxe due par les employeurs de main-d’œuvre étrangère (L. 436-10 du CESEDA),,,
a_ug,3310A,2488,,62,UG,MOA,,True,,True,20,l10n_fr_account_vat_return.a_hb,,,,debit,,,Total de la contribution sur la rente infra-marginale de la production d’électricité (lignes a à q),Total de la contribution sur la rente infra-marginale de la production d’électricité (lignes a à q),,,
a_ft,3310A,2490,,64-taxe,FT,MOA,,True,,True,20,l10n_fr_account_vat_return.a_hb,,,,debit,,,Taxe sur les actes des huissiers de justice : taxe due,Taxe sur les actes des huissiers de justice,,,
a_mm,3310A,2500,,64-base,MM,MOA,,True,,True,,,,,,,,,Taxe sur les actes des huissiers de justice : base,"Base imposable sur la taxe sur les actes des huissiers de justice (CGI, art 302 bis Y)",,,
a_kg,3310A,2510,,65-taxe,KG,MOA,,True,,False,20,l10n_fr_account_vat_return.a_hb,,,,debit,,,Taxe sur les services fournis par les opérateurs de communication électronique : taxe due,"Taxe sur les services fournis par les opérateurs de communication électronique (CGI, art 302 bis KH) au taux de 1,3 %",,,
a_nh,3310A,2520,,65-base,NH,MOA,,True,,True,10,l10n_fr_account_vat_return.a_kg,1.3,,,,,,Taxe sur les services fournis par les opérateurs de communication électronique : base,"Base imposable sur la taxe sur les services fournis par les opérateurs de communication électronique (CGI, art 302 bis KH)",,,
a_fv,3310A,2530,,66-taxe-old,FV,MOA,,False,,True,,,,,,debit,,,Taxe sur les embarquements/débarquements de passagers en Corse : taxe due,"Taxe sur les embarquements ou débarquements de passagers en Corse (CGI, art 1599 vicies)",,,
a_mn,3310A,2540,,66-base-old,MN,MOA,,False,,True,,,,,,,,,Taxe sur les embarquements/débarquements de passagers en Corse : base,"Base imposable sur la taxe sur les embarquements ou débarquements de passagers en Corse (CGI, art 1599 vicies)",,,
a_ub,3310A,2522,,66-taxe,UB,MOA,,True,,True,20,l10n_fr_account_vat_return.a_hb,,,,debit,,,Taxe sur le transport aérien de passagers - Majoration en Corse : taxe,"Taxe sur le transport aérien de passagers - Majoration en Corse (CIBS, art. L422-13 et L422-29) : taxe",,,
a_tz,3310A,2523,,66-base,TZ,QTY,,True,,False,,,,,,,,,Taxe sur le transport aérien de passagers - Majoration en Corse : base,"Taxe sur le transport aérien de passagers - Majoration en Corse (CIBS, art. L422-13 et L422-29) : base",,,
a_uc,3310A,2524,,67-taxe,UC,MOA,,True,,True,20,l10n_fr_account_vat_return.a_hb,,,,debit,,,Taxe sur le transport maritime de passagers dans certains territoires côtiers - Embarquement ou débarquement en Corse : taxe,"Taxe sur le transport maritime de passagers dans certains territoires côtiers - Embarquement ou débarquement en Corse (CIBS, art. L423-57 et suivants) : taxe",,,
a_ua,3310A,2525,,67-base,UA,QTY,,True,,False,,,,,,,,,Taxe sur le transport maritime de passagers dans certains territoires côtiers - Embarquement ou débarquement en Corse : base,"Taxe sur le transport maritime de passagers dans certains territoires côtiers - Embarquement ou débarquement en Corse (CIBS, art. L423-57 et suivants) : base",,,
a_hi,3310A,2550,,68-taxe,HI,MOA,,True,,False,20,l10n_fr_account_vat_return.a_hb,,,,debit,,,"Taxe pour le dév. de la formation prof. dans la réparation automobile/cycle/motocycle, taux 0,75 % : taxe due","Taxe pour le développement de la formation professionnelle dans les métiers de la réparation de l'automobile, du cycle et du motocycle au taux de 0,75 %",,,
a_mp,3310A,2560,,68-base,MP,MOA,,True,,True,10,l10n_fr_account_vat_return.a_hi,0.75,,,,,,"Taxe pour le dév. de la formation prof. dans la réparation automobile/cycle/motocycle, taux 0,75 % : base","Base imposable sur la taxe pour le développement de la formation professionnelle dans les métiers de la réparation de l'automobile, du cycle et du motocycle (CGI, art 1609 sexvicies) au taux de 0,75%",,,
a_jg,3310A,2570,,69,JG,MOA,,True,,True,20,l10n_fr_account_vat_return.a_hb,,,,debit,,,Taxe sur les ordres annulés dans le cadre d'opérations à haute fréquence,"Taxe sur les ordres annulés dans le cadre d'opérations à haute fréquence (CGI, art. 235 ter ZD bis)",,,
a_ud,3310A,2575,,70,UD,MOA,,True,,True,20,l10n_fr_account_vat_return.a_hb,,,,debit,,,Taxe spéciale due en cas de non-respect de l’engagement de conserver pendant 5 ans les parts de fonds commun de placement à risques ou de fonds professionnels de capital investissement,Taxe spéciale due en cas de non-respect de l’engagement de conserver pendant 5 ans les parts de fonds commun de placement à risques ou de fonds professionnels de capital investissement (art. 209-0-A du CGI),,,
a_kt,3310A,2580,,76,KT,MOA,,True,,True,20,l10n_fr_account_vat_return.a_hb,,,,debit,,,Contribution due par les gestionnaires des réseaux publics d'électricité,"Contribution due par les gestionnaires des réseaux publics d'électricité (CGCT, art L 2224-31 I bis)",,,
a_jj,3310A,2590,,78,JJ,MOA,,True,,True,20,l10n_fr_account_vat_return.a_hb,,,,debit,,,Taxe sur le résultat des entreprises ferroviaires,"Taxe sur le résultat des entreprises ferroviaires (CGI, art. 235 ter ZF)",,,
a_jk,3310A,2600,,79,JK,MOA,,False,,True,20,l10n_fr_account_vat_return.a_hb,,,,debit,,,Contribution de solidarité territoriale,"Contribution de solidarité territoriale (CGI, art. 302 bis ZC)",,,
a_jl,3310A,2610,,80,JL,MOA,,True,,True,20,l10n_fr_account_vat_return.a_hb,,,,debit,,,Imposition forfaitaire sur les pylônes,"Imposition forfaitaire sur les pylônes (CGI, art. 1519 A)",,,
a_ue,3310A,2616,,81-nom-dpm,UE,NAD,,True,,True,,,,,,,,,Nom du parc éolien en domain public maritime,Nom du parc éolien en domain public maritime,,,
a_uf,3310A,2618,,81-dpm,UF,MOA,,True,,True,20,l10n_fr_account_vat_return.a_hb,,,,debit,,,Taxe sur les éoliennes maritimes sur le domaine public maritime,"Taxe sur les éoliennes maritimes sur le domaine public maritime (CGI, art. 1519 B)",,,
a_jm,3310A,2620,,81,JM,MOA,,True,,True,20,l10n_fr_account_vat_return.a_hb,,,,debit,,,Taxe sur les éoliennes maritimes,"Taxe sur les éoliennes maritimes (CGI, art. 1519 B)",,,
a_jp,3310A,2650,,83-taxe,JP,MOA,,True,,False,20,l10n_fr_account_vat_return.a_hb,,,,debit,,,Taxe pour le fonds de soutien aux collectivités territoriales ayant contracté des produits structurés : taxe,"Taxe pour le financement du fonds de soutien aux collectivités territoriales ayant contracté des produits structurés (CGI, art. 235 ter ZE bis)",,,
a_np,3310A,2660,,83-base,NP,MOA,,True,,True,10,l10n_fr_account_vat_return.a_jp,0.0642,,,,,,Taxe pour le fonds de soutien aux collectivités territoriales ayant contracté des produits structurés : base,"Base imposable sur la taxe pour le financement du fonds de soutien aux collectivités territoriales ayant contracté des produits structurés au taux de 0,0642%",,,
a_jq,3310A,2670,,84A,JQ,MOA,,True,,True,20,l10n_fr_account_vat_return.a_hb,,,,debit,,,Redevance sanitaire d'abattage,"Redevance sanitaire d'abattage (CGI, art. 302 bis N à 302 bis R)",,,
a_jr,3310A,2680,,84B,JR,MOA,,True,,True,20,l10n_fr_account_vat_return.a_hb,,,,debit,,,Redevance sanitaire de découpage,"Redevance sanitaire de découpage (CGI, art. 302 bis S à 302 bis W)",,,
a_kx,3310A,2690,,85,KX,MOA,,True,,True,20,l10n_fr_account_vat_return.a_hb,,,,debit,,,Redevance sanitaire pour le contrôle de certaines substances et de leurs résidus,"Redevance sanitaire pour le contrôle de certaines substances et de leurs résidus (CGI, art. 302 bis WC)",,,
a_ky,3310A,2700,,86,KY,MOA,,True,,True,20,l10n_fr_account_vat_return.a_hb,,,,debit,,,Redevance sanitaire de 1ère mise sur le marché des produits de la pêche ou de l'aquaculture,"Redevance sanitaire de première mise sur le marché des produits de la pêche ou de l'aquaculture (CGI, art. 302 bis WA)",,,
a_kz,3310A,2710,,87-taxe,KZ,MOA,,True,,True,20,l10n_fr_account_vat_return.a_hb,,,,debit,,,Redevance sanitaire de transformation des produits de la pêche ou de l'aquaculture : taxe,"Redevance sanitaire de transformation des produits de la pêche ou de l'aquaculture (CGI, art. 302 bis WB)",,,
a_pe,3310A,2720,,87-base,PE,MOA,,True,,True,,,,,,,,,Redevance sanitaire de transformation des produits de la pêche ou de l'aquaculture : nombre de tonnes,"Base imposable sur la redevance sanitaire de transformation des produits de la pêche ou de l'aquaculture (CGI, art. 302 bis WB) : nombre de tonnes",,,
a_la,3310A,2730,,88-taxe,LA,MOA,,True,,False,20,l10n_fr_account_vat_return.a_hb,,,,debit,,,Redevance pour agrément des établissements du secteur de l'alimentation animale : taxe,"Redevance pour agrément des établissements du secteur de l'alimentation animale (CGI, art. 302 bis WD à WG)",,,
a_pf,3310A,2740,,88-base,PF,MOA,,True,,True,10,l10n_fr_account_vat_return.a_la,12500,,,,,,Redevance pour agrément des établissements du secteur de l'alimentation animale : nombre d'établissements,"Base imposable sur la redevance pour agrément des établissements du secteur de l'alimentation animale (CGI, art. 302 bis WD à WG) : nombre d'établissements",,,
a_lc,3310A,2750,,89,LC,MOA,,True,,True,20,l10n_fr_account_vat_return.a_hb,,,,debit,,,Redevance phytosanitaire à la circulation intracommunautaire,Redevance phytosanitaire à la circulation intracommunautaire (PPE) (L 251-17-1 du code rural et de la pêche maritime),,,
a_ld,3310A,2760,,90,LD,MOA,,True,,True,20,l10n_fr_account_vat_return.a_hb,,,,debit,,,Redevance phytosanitaire à l'exportation,Redevance phytosanitaire à l'exportation (L 251-17-1 du code rural et de la pêche maritime),,,
a_sz,3310A,2766,,90A,SZ,MOA,,True,,False,,,,,,debit,,,Total de la taxe sur les produits phytopharmaceutiques : taxe,"Total de la taxe sur les produits phytopharmaceutiques (a*0,9 % + b*0,1%) : taxe",,,
a_sx,3310A,2762,,90A-a,SX,MOA,,True,,True,10,l10n_fr_account_vat_return.a_sz,0.9,,,,,,"Taxe sur les produits phytopharmaceutiques au taux de 0,9 % : base","Taxe sur les produits phytopharmaceutiques (Code rural et de la pêche maritime, art. L 253-8-2) au taux de 0,9 % : base",,,
a_sy,3310A,2764,,90A-b,SY,MOA,,True,,True,10,l10n_fr_account_vat_return.a_sz,0.1,,,,,,"Taxe sur les produits phytopharmaceutiques au taux de 0,1 % : base","Taxe sur les produits phytopharmaceutiques (Code rural et de la pêche maritime, art. L 253-8-2) au taux de 0,1 % : base",,,
a_le,3310A,2770,,91-taxe,LE,MOA,,True,,True,20,l10n_fr_account_vat_return.a_hb,,,,debit,,,"Taxe forfaitaire sur les ventes de métaux précieux, taux 11% : taxe","Taxe forfaitaire sur les métaux précieux (CGI, art.150 VM) sur les ventes de métaux précieux",,,
a_md,3310A,2780,,91-base,MD,MOA,,True,,True,,,,,,,,,"Taxe forfaitaire sur les ventes de métaux précieux, taux 11% : base","Base imposable sur la taxe forfaitaire sur les métaux précieux (CGI, art.150 VM) sur les ventes de métaux précieux",,,
a_lf,3310A,2790,,92-taxe,LF,MOA,,True,,True,20,l10n_fr_account_vat_return.a_hb,,,,debit,,,"Taxe forfaitaire sur les ventes de bijoux, d'objets d'arts, de collection ou d'antiquité, taux 6% : taxe","Taxe forfaitaire sur les métaux précieux (CGI, art.150 VM) sur les ventes de bijoux, d'objets d'arts, de collection ou d'antiquité",,,
a_me,3310A,2800,,92-base,ME,MOA,,True,,True,,,,,,,,,"Taxe forfaitaire sur les ventes de bijoux, d'objets d'arts, de collection ou d'antiquité, taux 6% : base","Base imposable sur la taxe forfaitaire sur les métaux précieux (CGI, art.150 VM) sur les ventes de bijoux, d'objets d'arts, de collection ou d'antiquité",,,
a_lg,3310A,2810,,93-taxe,LG,MOA,,True,,False,20,l10n_fr_account_vat_return.a_hb,,,,debit,,,"CRDS sur les ventes de métaux précieux, taux 0,5% : taxe","CRDS (CGI, art. 1600-0 I) sur les ventes de métaux précieux au taux de 0,5 %",,,
a_mf,3310A,2820,,93-base,MF,MOA,,True,,True,10,l10n_fr_account_vat_return.a_lg,0.5,,,,,,"CRDS sur les ventes de métaux précieux, taux 0,5% : base","Base imposable sur la CRDS (CGI, art. 1600-0 I) sur les ventes de métaux précieux",,,
a_lh,3310A,2830,,94-taxe,LH,MOA,,True,,False,20,l10n_fr_account_vat_return.a_hb,,,,debit,,,"CRDS sur les ventes de bijoux, d'objets d'arts, de collection ou d'antiquité, taux 0,5% : taxe","Contribution pour le remboursement de la dette sociale (CRDS) (CGI, art. 1600-0 I) - sur les ventes de bijoux, d'objets d'arts, de collection ou d'antiquité au taux de 0,5 %",,,
a_mg,3310A,2840,,94-base,MG,MOA,,True,,True,10,l10n_fr_account_vat_return.a_lh,0.5,,,,,,"CRDS sur les ventes de bijoux, d'objets d'arts, de collection ou d'antiquité, taux 0,5% : base","Base imposable sur la contribution pour le remboursement de la dette sociale (CRDS) (CGI, art. 1600-0 I) - sur les ventes de bijoux, d'objets d'arts, de collection ou d'antiquité",,,
a_lj,3310A,2850,,95,LJ,MOA,,True,,True,20,l10n_fr_account_vat_return.a_hb,,,,debit,,,Contribution forfaitaire pour le fonds des accidents du travail agricole,"Contribution forfaitaire pour alimentation du fonds commun des accidents du travail agricole (CGI, art. 1622)",,,
a_lk,3310A,2860,,96-taxe,LK,MOA,,True,,True,20,l10n_fr_account_vat_return.a_hb,,,,debit,,,Prélèvements sur les paris hippiques au profit de l'Etat : taxe,"Prélèvements sur les paris hippiques - au profit de l'Etat (CGI, art. 302 bis ZG)",,,
a_mq,3310A,2870,,96-base,MQ,MOA,,True,,True,,,,,,,,,Prélèvements sur les paris hippiques au profit de l'Etat : base,"Base imposable sur le prélèvement sur les paris hippiques au profit de l'Etat (CGI, art. 302 bis ZG) ",,,
a_ll,3310A,2880,,97-taxe,LL,MOA,,True,,True,20,l10n_fr_account_vat_return.a_hb,,,,debit,,,Prélèvements sur les paris hippiques au profit de la sécurité sociale : taxe,"Prélèvements sur les paris hippiques - au profit des organismes de sécurité sociale (CSS, art. L137-20)",,,
a_mz,3310A,2890,,97-base,MZ,MOA,,True,,True,,,,,,,,,Prélèvements sur les paris hippiques au profit de la sécurité sociale : base,"Base imposable sur le prélèvement sur les paris hippiques au profit des organismes de sécurité sociale (CSS, art. L137-20)",,,
a_lm,3310A,2900,,98-taxe,LM,MOA,,True,,True,20,l10n_fr_account_vat_return.a_hb,,,,debit,,,Prélèvements sur les paris hippiques engagés depuis l'étranger des courses françaises et regroupés en France : taxe,"Prélèvements sur les paris hippiques - engagés depuis l'étranger des courses françaises et regroupés en France (CGI, art.302 bis ZO)",,,
a_na,3310A,2910,,98-base,NA,MOA,,True,,True,,,,,,,,,Prélèvements sur les paris hippiques engagés depuis l'étranger des courses françaises et regroupés en France : base,"Base imposable sur le prélèvement sur les paris hippiques engagés depuis l'étranger des courses françaises et regroupés en France (CGI, art.302 bis ZO)",,,
a_ln,3310A,2920,,99,LN,MOA,,True,,True,20,l10n_fr_account_vat_return.a_hb,,,,debit,,,Redevance due par les opérateurs agréés de paris hippiques en lignes : enjeux relatifs aux courses de trot,"Redevance due par les opérateurs agréés de paris hippiques en lignes - Enjeux relatifs aux courses de trot (CGI, art. 1609 tertricies)",,,
a_lp,3310A,2930,,100,LP,MOA,,True,,True,20,l10n_fr_account_vat_return.a_hb,,,,debit,,,Redevance due par les opérateurs agréés de paris hippiques en lignes : enjeux relatifs aux courses de galop,"Redevance due par les opérateurs agréés de paris hippiques en lignes - Enjeux relatifs aux courses de galop (CGI, art. 1609 tertricies)",,,
a_qz,3310A,2940,,101A-taxe,QZ,MOA,,True,,True,20,l10n_fr_account_vat_return.a_hb,,,,debit,,,"Prélèvements sur les paris sportifs en ligne au profit de l'Etat, taux 33,7% : taxe","Prélèvements sur les paris sportifs en ligne au profit de l'Etat au taux de 33,7 % (CGI, art. 302 bis ZH)",,,
a_ra,3310A,2950,,102A-taxe,RA,MOA,,True,,True,20,l10n_fr_account_vat_return.a_hb,,,,debit,,,"Prélèvements sur les paris sportifs en ligne au profit de la sécurité sociale, taux 10,6% : taxe","Prélèvements sur les paris sportifs en ligne au profit des organismes de sécurité sociale au taux de 10,6 % (CSS, art. L137-21)",,,
a_rb,3310A,2960,,103A-taxe,RB,MOA,,True,,True,20,l10n_fr_account_vat_return.a_hb,,,,debit,,,"Prélèvements sur les paris sportifs en ligne au profit de l'ANS, taux 10,6% : taxe","Prélèvements sur les paris sportifs en ligne au profit de l'agence nationale du sport (ANS) au taux de 10,6 % (CGI, art. 1609 tricies)",,,
a_rf,3310A,2970,,101A-103A-base,RF,MOA,,True,,True,,,,,,,,,Prélèvements sur les paris sportifs en ligne : base,Base imposable sur les prélèvements sur les paris sportifs en ligne,,,
a_rc,3310A,2980,,101B-taxe,RC,MOA,,True,,True,20,l10n_fr_account_vat_return.a_hb,,,,debit,,,"Prélèvements sur les paris sportifs commercialisés en réseau physique au profit de l'Etat, taux 27,9% : taxe","Prélèvements sur les paris sportifs commercialisés en réseau physique de distribution au profit de l'Etat au taux de 27,9 % (CGI, art. 302 bis ZH)",,,
a_rd,3310A,2990,,102B-taxe,RD,MOA,,True,,True,20,l10n_fr_account_vat_return.a_hb,,,,debit,,,"Prélèvements sur les paris sportifs commercialisés en réseau physique au profit de la sécurité sociale, taux 6,6% : taxe","Prélèvements sur les paris sportifs commercialisés en réseau physique de distribution au profit des organismes de sécurité sociale au taux de 6,6 % (CSS, art. L137-21)",,,
a_re,3310A,3000,,103B-taxe,RE,MOA,,True,,True,20,l10n_fr_account_vat_return.a_hb,,,,debit,,,"Prélèvements sur les paris sportifs commercialisés en réseau physique au profit de l'ANS, taux 6,6% : taxe","Prélèvements sur les paris sportifs commercialisés en réseau physique de distribution au profit de l'agence nationale du sport (ANS) au taux de 6,6 % (CGI, art. 1609 tricies)",,,
a_rg,3310A,3010,,101B-103B-base,RG,MOA,,True,,True,,,,,,,,,Prélèvements sur les paris sportifs commercialisés en réseau physique : base,Base imposable sur les prélèvements sur les paris sportifs commercialisés en réseau physique de distribution,,,
a_lt,3310A,3020,,104-taxe,LT,MOA,,True,,True,20,l10n_fr_account_vat_return.a_hb,,,,debit,,,Prélèvements sur les jeux de cercles au profit de l'Etat : taxe,"Prélèvements sur les jeux de cercles - au profit de l'Etat (CGI, art. 302 bis ZI)",,,
a_lu,3310A,3030,,105-taxe,LU,MOA,,True,,True,20,l10n_fr_account_vat_return.a_hb,,,,debit,,,Prélèvements sur les jeux de cercles au profit de la sécurité sociale : taxe,"Prélèvements sur les jeux de cercles - au profit des organismes de sécurité sociale (CSS, art. L137-22)",,,
a_ms,3310A,3040,,104-105-base,MS,MOA,,True,,True,,,,,,,,,Prélèvements sur les jeux de cercles en ligne : base,Base imposable sur les prélèvements sur les jeux de cercles en ligne,,,
a_rh,3310A,3050,,107A-taxe,RH,MOA,,True,,True,20,l10n_fr_account_vat_return.a_hb,,,,debit,,,"Prélèvement au profit de l'ANS sur les jeux commercialisés par la FdJ, taux 5,1% : taxe","Prélèvement au profit de l'agence nationale du sport (ANS) sur les jeux commercialisés par la Française des jeux au taux de 5,1 % (CGI, art. 1609 novovicies)",,,
a_rj,3310A,3060,,107A-base,RJ,MOA,,True,,True,,,,,,,,,"Prélèvement au profit de l'ANS sur les jeux commercialisés par la FdJ, taux 5,1% : base","Base imposable sur le prélèvement au profit de l'agence nationale du sport (ANS) sur les jeux commercialisés par la Française des jeux  au taux de 5,1 % (CGI, art. 1609 novovicies)",,,
a_pb,3310A,3070,,111-taxe,PB,MOA,,True,,True,20,l10n_fr_account_vat_return.a_hb,,,,debit,,,CSG sur une fraction du produit des jeux des machines à sous : taxe,"Contribution sociale généralisée (CSS, art. L136-7-1) sur une fraction du produit des jeux des machines à sous",,,
a_nv,3310A,3080,,111-base,NV,MOA,,True,,True,,,,,,,,,CSG sur une fraction du produit des jeux des machines à sous : base,"Base imposable sur la contribution sociale généralisée (CSS, art. L136-7-1) sur une fraction égale à 68% du produit des jeux des machines à sous",,,
a_pc,3310A,3090,,112-taxe,PC,MOA,,True,,True,20,l10n_fr_account_vat_return.a_hb,,,,debit,,,CSG sur le montant des gains des machines à sous d'un montant supérieur ou égal à 1 500 € réglés aux joueurs par le caissier sous forme de bons de paiement manuels : taxe,"Contribution sociale généralisée (CSS, art. L136-7-1) sur le montant des gains des machines à sous d'un montant supérieur ou égal à 1 500 € réglés aux joueurs par le caissier sous forme de bons de paiement manuels",,,
a_nw,3310A,3100,,112-base,NW,MOA,,True,,True,,,,,,,,,CSG sur le montant des gains des machines à sous d'un montant supérieur ou égal à 1 500 € réglés aux joueurs par le caissier sous forme de bons de paiement manuels : base,"Base imposable sur la contribution sociale généralisée (CSS, art. L136-7-1) sur le montant des gains des machines à sous d'un montant supérieur ou égal à 1 500 € réglés aux joueurs par le caissier sous forme de bons de paiement manuels",,,
a_pd,3310A,3110,,113-taxe,PD,MOA,,True,,True,20,l10n_fr_account_vat_return.a_hb,,,,debit,,,CRDS portant sur le montant du produit total des jeux : taxe,"Contribution pour le remboursement de la dette sociale portant sur le montant du produit total des jeux (CGCT, art. L. 2333-57, articles 18-III et 19 de l'ordonnance n°96-50 du 24 janvier 1996)",,,
a_nx,3310A,3120,,113-base,NX,MOA,,True,,True,,,,,,,,,CRDS portant sur le montant du produit total des jeux : base,"Base imposable sur la contribution pour le remboursement de la dette sociale portant sur le montant du produit total des jeux (CGCT, art. L. 2333-57, articles 18-III et 19 de l'ordonnance n°96-50 du 24 janvier 1996)",,,
a_ma,3310A,3130,,115-taxe,MA,MOA,,True,,False,20,l10n_fr_account_vat_return.a_hb,,,,debit,,,Taxe annuelle sur les recettes de l’exploitation du réseau autoroutier concédé : taxe,"Taxe annuelle sur les recettes de l’exploitation du réseau autoroutier concédé (CIBS, art.  L.421-181)",,,
a_mc,3310A,3140,,115-base,MC,MOA,,True,,True,10,l10n_fr_account_vat_return.a_ma,0.0363,,,,,,Taxe annuelle sur les recettes de l’exploitation du réseau autoroutier concédé : base,"Base de la taxe annuelle sur les recettes de l’exploitation du réseau autoroutier concédé (CIBS, art.  L.421-181)",,,
a_rs,3310A,3300,,116,RS,MOA,,True,,False,20,l10n_fr_account_vat_return.a_hb,,,,debit,,,Total de la taxe annuelle sur les véhicules lourds de transport de marchandises due,Total de la taxe annuelle sur les véhicules lourds de transport de marchandises due (1a + 1b + 2a + 2b + 3),,,
a_rt,3310A,3150,,116-1a-nb,RT,QTY,,True,,True,,,,,,,,,Véhicules à moteur isolés - PTAC inférieur à 27t - Nombre de véhicules,Véhicules à moteur isolés - PTAC inférieur à 27t - Nombre de véhicules,,,
a_ry,3310A,3160,,116-1a-nb-rr,RY,QTY,,True,,True,,,,,,,,,Véhicules à moteur isolés - PTAC inférieur à 27t - Dont nombre de véhicules rail-route,Véhicules à moteur isolés - PTAC inférieur à 27t - Dont nombre de véhicules rail-route,,,
a_sd,3310A,3170,,116-1a-taxe,SD,MOA,,True,,True,10,l10n_fr_account_vat_return.a_rs,,,,,,,Véhicules à moteur isolés - PTAC inférieur à 27t - Montant de la taxe,Véhicules à moteur isolés - PTAC inférieur à 27t - Montant de la taxe,,,
a_ru,3310A,3180,,116-1b-nb,RU,QTY,,True,,True,,,,,,,,,Véhicules à moteur isolés - PTAC supérieur ou égal à 27t - Nombre de véhicules,Véhicules à moteur isolés - PTAC supérieur ou égal à 27t - Nombre de véhicules,,,
a_rz,3310A,3190,,116-1b-nb-rr,RZ,QTY,,True,,True,,,,,,,,,Véhicules à moteur isolés - PTAC supérieur ou égal à 27t - Dont nombre de véhicules rail-route,Véhicules à moteur isolés - PTAC supérieur ou égal à 27t - Dont nombre de véhicules rail-route,,,
a_se,3310A,3200,,116-1b-taxe,SE,MOA,,True,,True,10,l10n_fr_account_vat_return.a_rs,,,,,,,Véhicules à moteur isolés - PTAC supérieur ou égal à 27t - Montant de la taxe,Véhicules à moteur isolés - PTAC supérieur ou égal à 27t - Montant de la taxe,,,
a_rv,3310A,3210,,116-2a-nb,RV,QTY,,True,,True,,,,,,,,,Ensemble articulés constitués d'un tracteur et d'une ou plusieurs semi-remorques - PTRA inférieur à 39t - Nombre de véhicules,Ensemble articulés constitués d'un tracteur et d'une ou plusieurs semi-remorques - PTRA inférieur à 39t - Nombre de véhicules,,,
a_sa,3310A,3220,,116-2a-nb-rr,SA,QTY,,True,,True,,,,,,,,,Ensemble articulés constitués d'un tracteur et d'une ou plusieurs semi-remorques - PTRA inférieur à 39t - Dont nombre de véhicules rail-route,Ensemble articulés constitués d'un tracteur et d'une ou plusieurs semi-remorques - PTRA inférieur à 39t - Dont nombre de véhicules rail-route,,,
a_sf,3310A,3230,,116-2a-taxe,SF,MOA,,True,,True,10,l10n_fr_account_vat_return.a_rs,,,,,,,Ensemble articulés constitués d'un tracteur et d'une ou plusieurs semi-remorques - PTRA inférieur à 39t - Montant de la taxe,Ensemble articulés constitués d'un tracteur et d'une ou plusieurs semi-remorques - PTRA inférieur à 39t - Montant de la taxe,,,
a_rw,3310A,3240,,116-2b-nb,RW,QTY,,True,,True,,,,,,,,,Ensemble articulés constitués d'un tracteur et d'une ou plusieurs semi-remorques - PTRA supérieur ou égal à 39t - Nombre de véhicules,Ensemble articulés constitués d'un tracteur et d'une ou plusieurs semi-remorques - PTRA supérieur ou égal à 39t - Nombre de véhicules,,,
a_sb,3310A,3250,,116-2b-nb-rr,SB,QTY,,True,,True,,,,,,,,,Ensemble articulés constitués d'un tracteur et d'une ou plusieurs semi-remorques - PTRA supérieur ou égal à 39t - Dont nombre de véhicules rail-route,Ensemble articulés constitués d'un tracteur et d'une ou plusieurs semi-remorques - PTRA supérieur ou égal à 39t - Dont nombre de véhicules rail-route,,,
a_sg,3310A,3260,,116-2b-taxe,SG,MOA,,True,,True,10,l10n_fr_account_vat_return.a_rs,,,,,,,Ensemble articulés constitués d'un tracteur et d'une ou plusieurs semi-remorques - PTRA supérieur ou égal à 39t - Montant de la taxe,Ensemble articulés constitués d'un tracteur et d'une ou plusieurs semi-remorques - PTRA supérieur ou égal à 39t - Montant de la taxe,,,
a_rx,3310A,3270,,116-3-nb,RX,QTY,,True,,True,,,,,,,,,Remorques de la catégorie O4 - Nombre de véhicules,Remorques de la catégorie O4 - Nombre de véhicules,,,
a_sc,3310A,3280,,116-3-nb-rr,SC,QTY,,True,,True,,,,,,,,,Remorques de la catégorie O4 - Dont nombre de véhicules rail-route,Remorques de la catégorie O4 - Dont nombre de véhicules rail-route,,,
a_sh,3310A,3290,,116-3-taxe,SH,MOA,,True,,True,10,l10n_fr_account_vat_return.a_rs,,,,,,,Remorques de la catégorie O4 - Montant de la taxe,Remorques de la catégorie O4 - Montant de la taxe,,,
a_tf,3310A,3310,,117-nb-nouv,TF,QTY,,True,,True,,,,,,,,,Nombre de véhicules relevant du nouveau dispositif d’immatriculation (depuis le 1er mars 2020),Nombre de véhicules relevant du nouveau dispositif d’immatriculation (depuis le 1er mars 2020),,,
a_tg,3310A,3320,,117-nb-nonouv,TG,QTY,,True,,True,,,,,,,,,"Nombre de véhicules ne relevant pas du nouveau dispositif d’immatriculation : (réception européenne, dont la première mise en circulation est intervenue à compter du 1er juin 2004 et non utilisés par le redevable avant le 1er janvier 2006)","Nombre de véhicules ne relevant pas du nouveau dispositif d’immatriculation : (réception européenne, dont la première mise en circulation est intervenue à compter du 1er juin 2004 et non utilisés par le redevable avant le 1er janvier 2006)",,,
a_th,3310A,3330,,117-nb-autres,TH,QTY,,True,,True,,,,,,,,,Nombre d'autres véhicules soumis à la taxe,Nombre d'autres véhicules soumis à la taxe,,,
a_tj,3310A,3340,,117-nb-elec,TJ,QTY,,True,,True,,,,,,,,,"Nombre de véhicules exonérés dont la source d'énergie est exclusivement l'électricité, l'hydrogène ou une combinaison des deux","Nombre de véhicules exonérés dont la source d'énergie est exclusivement l'électricité, l'hydrogène ou une combinaison des deux",,,
a_tk,3310A,3350,,117-nb-autres-exo,TK,QTY,,True,,True,,,,,,,,,Nombre des autres véhicules exonérés,Nombre des autres véhicules exonérés,,,
a_sl,3310A,3360,,117,SL,MOA,,True,,True,20,l10n_fr_account_vat_return.a_hb,,,,debit,63514,,Taxe sur les émissions de CO2 due au titre de 2022,"Taxe sur les émissions de CO2 due au titre de 2022 (CGI, art. 1010)",,,
a_sm,3310A,3370,,118,SM,MOA,,True,,True,20,l10n_fr_account_vat_return.a_hb,,,,debit,63514,,Taxe sur les émissions de polluants atmosphériques due au titre de 2022,"Taxe sur les émissions de polluants atmosphériques due au titre de 2022 (CGI, art. 1010)",,,
a_tx,3310A,3375,,nb-vehicule-exo,TX,QTY,,True,,True,,,,,,,,,Nombre de véhicules exonérés,Nombre de véhicules exonérés,,,
a_nc,3310A,3380,,119-taxe,NC,MOA,,True,,True,20,l10n_fr_account_vat_return.a_hb,,,,debit,,,Prélèvement progressif sur les clubs de jeux : taxe,Prélèvement progressif sur les clubs de jeux (V de l'article 34 de la loi n° 2017-257 du 28 février 2017 relative au statut de Paris et à l'aménagement métropolitain),,,
a_pg,3310A,3390,,119-base,PG,MOA,,True,,True,,,,,,,,,Prélèvement progressif sur les clubs de jeux : base,Base imposable sur les prélèvement progressif sur les clubs de jeux (V de l'article 34 de la loi n° 2017-257 du 28 février 2017 relative au statut de Paris et à l'aménagement métropolitain),,,
a_sj,3310A,3400,,120,SJ,MOA,,True,,True,20,l10n_fr_account_vat_return.a_hb,,,,debit,,,"Sommes constatées par les clubs de jeux au titre des ""orphelins""","Sommes constatées par les clubs de jeux au titre des ""orphelins"" (arrêté du 23 février 2021 relatif aux modalités de déclaration et d'encaissement des sommes qualifiées d'orphelins versées par les clubs de jeux)",,,
a_pk,3310A,3430,,121,PK,MOA,,True,,False,20,l10n_fr_account_vat_return.a_hb,,,,debit,,,Montant total de la taxe sur l'exploration d'hydrocarbures,Montant total de la taxe sur l'exploration d'hydrocarbures,,,
a_ph,3310A,3410,,121-taxe,PH,MOA,,True,,True,10,l10n_fr_account_vat_return.a_pk,,,,,,,Taxe sur l'exploration d'hydrocarbures : taxe,"Droits pour le département ou la collectivité territoriale pour la taxe sur l'exploration d'hydrocarbures (CGI, art 1590)",,,
a_pj,3310A,3420,,121-dpt,PJ,FTX,,True,,True,,,,,,,,,Département bénéficiaire de la taxe sur l'exploration d'hydrocarbures,"Département bénéficiaire de la taxe sur l'exploration d'hydrocarbures (CGI, art 1590)",,,
a_pu,3310A,3440,,124-taxe,PU,MOA,,True,,True,20,l10n_fr_account_vat_return.a_hb,,,,debit,,,Contribution sur les boissons non alcooliques contenant des sucres ajoutés : taxe,"Contribution sur les boissons non alcooliques contenant des sucres ajoutés (CGI, art. 1613 ter)",,,
a_pw,3310A,3450,,124-base,PW,MOA,,True,,True,,,,,,,,,Contribution sur les boissons non alcooliques contenant des sucres ajoutés : base en hectolitres,Nombre d'hectolitres relatif à la contribution sur les boissons non alcooliques contenant des sucres ajoutés,,,
a_px,3310A,3460,,125-taxe,PX,MOA,,True,,True,20,l10n_fr_account_vat_return.a_hb,,,,debit,,,Contribution sur les boissons non alcooliques : taxe,"Contribution sur les boissons non alcooliques (CGI, art. 1613 quater II 1°)",,,
a_py,3310A,3470,,125-base,PY,MOA,,True,,True,,,,,,,,,Contribution sur les boissons non alcooliques : base en hectolitres,Nombre d'hectolitres relatif à la contribution sur les boissons non alcooliques,,,
a_qa,3310A,3480,,126-base,QA,MOA,,True,,True,,,,,,,,,Contribution sur les boissons non alcooliques contenant des édulcorants de synthèse : base en hectolitres,Nombre d'hectolitres relatif à la contribution sur les boissons non alcooliques contenant des édulcorants de synthèse,,,
a_pz,3310A,3490,,126-taxe,PZ,MOA,,True,,True,20,l10n_fr_account_vat_return.a_hb,,,,debit,,,Contribution sur les boissons non alcooliques contenant des édulcorants de synthèse : taxe,"Contribution sur les boissons non alcooliques contenant des édulcorants de synthèse (CGI, art. 1613 quater II 2°)",,,
a_qe,3310A,3500,,128,QE,MOA,,True,,False,20,l10n_fr_account_vat_return.a_hb,,,,debit,,,Montant total de la contribution sur les eaux minérales naturelles,Montant total de la contribution sur les eaux minérales naturelles,,,
a_qb,3310A,3510,,127-taxe,QB,MOA,,True,,True,10,l10n_fr_account_vat_return.a_qe,,,,,,,Contribution sur les eaux minérales naturelles : taxe,"Contribution sur les eaux minérales naturelles (CGI, art. 1582)",,,
a_qc,3310A,3520,,127-commune,QC,FTX,,True,,True,,,,,,,,,N° INSEE de la commune bénéficiaire de la contribution sur les eaux minérales naturelles,Numéro de la commune bénéficiaire de la contribution sur les eaux minérales naturelles,,,
a_qd,3310A,3530,,127-base,QD,MOA,,True,,True,,,,,,,,,Contribution sur les eaux minérales naturelles : base en hectolitres,Nombre d'hectolitres relatif à la contribution sur les eaux minérales naturelles,,,
a_td,3310A,3540,,129-base,TD,MOA,,True,,True,,,,,,,,,Taxe sur les exploitants de plateformes de mise en relation par voie électronique en vue de fournir certaines prestations de transport : base,"Taxe sur les exploitants de plateformes de mise en relation par voie électronique en vue de fournir certaines prestations de transport (CGI, article 300 bis) : base",,,
a_te,3310A,3550,,129-taxe,TE,MOA,,True,,True,20,l10n_fr_account_vat_return.a_hb,,,,debit,,,Taxe sur les exploitants de plateformes de mise en relation par voie électronique en vue de fournir certaines prestations de transport : taxe,"Taxe sur les exploitants de plateformes de mise en relation par voie électronique en vue de fournir certaines prestations de transport (CGI, article 300 bis) : taxe",,,
